first_name,last_name,address,date_of_birth
William,Turner,"730 Jennifer Estate Apt. 012
Fisherton, WV 52811",1975-08-17
Maurice,Reed,"3945 Stokes Passage Suite 667
Davisport, VA 65724",2010-11-04
Larry,Mckinney,"191 Luis Wall
Lake Donaldbury, PW 98821",2018-11-28
Christie,Poole,"61226 Molina Oval
East Marcusview, NJ 14813",1918-04-08
Christopher,Mccann,"7089 Aguilar Tunnel
West Jesse, OR 71277",2021-08-07
Donald,Nguyen,"3421 Baker Lodge Suite 432
Michaelborough, TN 62883",1970-05-31
Angela,Moses,"334 Michelle Dale
New Katie, NV 37010",2023-12-30
Dawn,Gregory,"Unit 6070 Box 3029
DPO AE 28804",1913-12-22
James,Campbell,"732 Lisa Streets Suite 517
East Charles, ME 77771",1987-02-15
Nicholas,Conley,"952 Lisa Camp Apt. 184
Suzanneside, KS 36901",1961-03-28
Michael,Wade,"87814 Stephenson Motorway
Port Gavinville, ME 77113",1950-08-29
Shannon,Brooks,"785 Eric Land Suite 765
Beckerchester, AS 04149",1945-10-10
Tammy,Bishop,"579 Keith Station
East Adamville, NE 88357",1930-01-26
Kimberly,Williams,"771 Davila Wells Suite 931
Lake Robertmouth, IN 10547",1911-08-09
Sandra,Bowen,"871 Kenneth Circles
Melissaberg, MS 77363",1981-12-01
Angela,Chapman,"614 Mackenzie Field Suite 402
West George, MS 41535",2007-12-12
Jason,Allen,"PSC 6677, Box 1002
APO AP 07798",2003-04-03
Dana,Lawson,"370 Taylor River
Taylorberg, DE 63522",1977-08-13
Nicole,Carpenter,"649 Craig Island Apt. 675
Travisshire, NM 69588",1996-12-11
Steven,Grimes,"262 Mccall Drive
Adrienneburgh, UT 07230",2019-11-24
Jose,Powell,"6973 Christina Parkways
Ashleyport, FL 43541",1974-06-17
Kathleen,Davis,"Unit 2123 Box 0763
DPO AE 65282",1960-10-25
Angela,Roberson,"6020 Wright Canyon Apt. 716
Lake Adamstad, FM 18815",2013-02-16
Jodi,Edwards,"4522 Santana Valley Suite 956
Lake Mark, VI 52331",1909-10-16
Brandy,Smith,"809 Collins Village
Adamsshire, MD 04399",2024-07-25
Benjamin,Hernandez,"030 Derrick Crossroad Suite 168
Jeffreyhaven, ME 99822",1976-08-09
Derek,Flores,"612 Gillespie Manors
Curryburgh, SC 29530",2015-06-03
Kari,Henderson,"924 Nelson Valley Apt. 981
Danielton, NV 46935",1914-08-06
David,Jones,"13545 Jose Fall
Wellsbury, PW 12349",1909-12-25
Stacey,Robinson,"644 Rice Track Suite 344
West Jamesview, NE 52084",2005-02-20
Elizabeth,Blanchard,"276 Tate Bypass Apt. 659
Lake Hannahport, MO 39745",1986-06-08
Steven,Anderson,"4781 Huber Route
North Kristinland, SD 19479",1992-08-07
Amber,Bennett,"15130 Williams Street Suite 292
North Justinburgh, SC 32591",2005-01-12
Daniel,Martinez,"1261 Dennis Park Apt. 282
East Thomasmouth, MS 02223",1936-04-27
Edward,Barker,"944 Lori Fall Apt. 298
North Michaelborough, WY 16332",1939-12-24
Amanda,Mullen,"USS Nguyen
FPO AP 60925",2016-01-22
Gregory,Crawford,"92130 Michael Roads Apt. 350
Lake Nicolas, NM 88808",1962-04-22
Michael,Blankenship,"093 Leah Estate
Lake Michaelshire, MP 89769",1928-04-20
Elizabeth,Delacruz,"63352 Dixon Cliffs
Andreaview, ND 51367",1981-08-29
Katie,Chang,"17961 Rodriguez Pines
East Emilyborough, OK 98882",1922-03-07
Christian,Sanchez,"25045 Susan Harbor
Port Michealbury, DE 74522",1953-03-17
Deborah,Brown,"89874 Chris Crossing
New Mackenzieborough, NH 11456",1914-03-16
David,Daniels,"29435 Smith Loaf Suite 272
East Robinview, GA 59077",1997-06-17
Randy,Potter,"901 Aaron Fort Suite 486
West Ethantown, WY 96217",1937-02-09
Adam,Dickerson,"30476 Jones Parkway Apt. 507
Port Travisview, AK 87410",2015-12-22
Zachary,Khan,"281 Eric Junction
New Kayla, UT 35801",1968-12-25
Jose,Parker,"54907 Davila Stream
Lake Kevinfort, MN 16031",2000-09-10
Christopher,Howard,"3731 Harrington Road
Moraleshaven, ME 51274",2023-03-02
Troy,Taylor,"659 Fleming Parks Apt. 513
Nortontown, AS 84554",1976-12-27
Troy,Garcia,"6499 Kevin Curve
Charlesside, MH 70939",1920-06-03
Randy,Joyce,"02198 Vasquez Stravenue
Whiteberg, NH 85097",2014-12-31
Benjamin,Cook,"665 Davis Park
North Sharonmouth, SD 44369",1973-08-26
Amber,Black,"196 Meza Gardens
Heidishire, MO 95585",1928-03-08
John,Baker,"05180 Alexis Bridge Suite 353
Lawrenceberg, DC 39948",1972-06-15
Heather,Curtis,"924 Lisa Ports Suite 153
New Jennifer, IL 14535",1936-07-26
Edward,Wong,"46979 Jimenez Viaduct Suite 512
Port Patrickchester, WI 60338",1924-05-15
James,Harris,"020 Fleming Port Apt. 921
Lake Kristen, PA 56921",2003-02-06
Ruth,Hudson,"9418 Cook Inlet Apt. 177
New Shannon, GA 72930",1989-01-07
Kathleen,Castro,"60516 Patricia Mountain Apt. 640
Bowmantown, MP 49473",1994-06-10
Scott,Bennett,"508 Rios Street Apt. 349
New Jamieside, NY 90157",1976-06-12
Christina,Sherman,"77239 Wilson Glen
Ericview, CO 19267",1968-10-27
Lynn,Anderson,"171 Andre Walk Suite 855
West Patrickhaven, AK 60782",1982-07-12
Peter,Marsh,"7864 Walter Union Apt. 306
Jacobton, VA 30302",1920-11-10
Elizabeth,Webb,"USCGC Blake
FPO AE 89248",1982-10-11
Jason,Johnson,"50709 Clarke Forge Apt. 302
Michaelbury, AS 45965",1964-02-26
Hannah,Hernandez,"08110 Roberts Plain Suite 079
Taylorberg, SC 75713",1908-12-15
William,Mack,"82401 David Stravenue Suite 032
Lake Gabrielle, MH 62972",2022-06-20
Scott,Patrick,"006 Anthony Street Suite 309
New Joshua, CT 45604",1965-08-08
Veronica,Vargas,"2493 Osborne Loaf Suite 757
Paultown, PR 04939",2014-09-23
Megan,Holmes,"7850 Holland Forest
East Kirsten, KS 88011",1920-06-17
Steven,Brown,"9685 Hill Causeway Suite 299
Lake Kristina, NE 74856",1910-06-27
Gerald,Finley,"USNV Hughes
FPO AA 86109",1945-12-21
Gary,Wilson,"5004 Derek Valley
Kimberlyborough, WV 95689",2019-07-03
Kimberly,Hickman,"455 Carney Keys
East Melvin, PR 07968",1909-04-17
Bonnie,Ward,"282 Erica Land Apt. 334
Brianburgh, IA 43726",1910-04-24
James,Combs,"Unit 9164 Box 1987
DPO AE 37834",2024-05-11
Kristina,Garcia,"PSC 7328, Box 6801
APO AP 84885",2011-07-17
Tina,Richmond,"1123 Black Summit
West Samuelton, AK 84274",1933-10-06
Rebekah,Guerrero,"50643 Isabel Highway
Amandamouth, LA 15273",1908-09-14
Amber,Faulkner,"1222 Rogers Ports
South Tim, CA 85379",1962-07-05
John,Burgess,"9319 Harris Alley
Aaronland, AL 17292",1939-01-28
John,Johnson,"874 Omar Keys Apt. 018
New Christina, ID 94476",1973-01-29
Michael,Byrd,"83137 Gray Wells Apt. 783
Brittanyborough, IL 70253",1942-12-31
Carla,Williams,"Unit 6131 Box 0318
DPO AE 06494",2023-10-10
Roy,Nash,"04534 Mcdowell Roads Apt. 229
Raymondshire, DC 72308",1993-08-27
James,Sullivan,"2388 Ernest Estates Apt. 285
Christopherfort, GU 67866",2014-06-04
Blake,Marsh,"330 Kennedy Inlet Suite 424
South Scott, KS 54852",1963-07-28
Robert,Rose,"PSC 2462, Box 5375
APO AP 56378",1916-06-05
Timothy,Lee,"Unit 4601 Box 0849
DPO AA 28378",1995-09-17
David,Rubio,"372 Stephens Course Apt. 459
Kingfort, NJ 05211",1934-04-11
Christian,Gould,"21937 Hannah Causeway
New Tracieport, IL 32327",1925-10-08
Elizabeth,Patterson,"13747 Justin Port
East Jennifer, OR 72970",1987-01-04
Amanda,Nichols,"2413 Ferguson Squares
Lake Tiffany, IN 98811",1938-12-20
Christopher,Tucker,"03945 Colon Route Suite 790
East Teresahaven, ID 71117",1965-01-26
Joshua,Patel,"Unit 2322 Box 1081
DPO AP 11275",1988-09-11
Troy,Gonzalez,"69992 Moore Brooks Suite 514
New Michael, DC 85617",1990-07-30
Michelle,Davis,"222 Solomon Prairie Apt. 933
Chapmanside, MA 23303",2001-02-05
Megan,Hill,"522 Castro Lodge Suite 723
Lake Anthony, NV 58643",1926-11-02
Daniel,Rivera,"2870 Taylor Burgs
North Sheilaberg, MI 25735",1940-06-24
Cassandra,Stephens,"2840 Michael Burgs Apt. 869
Teresachester, MI 56153",1969-07-23
